Reason, Weapons, Shots, id
Altercation (personal),No,No,2001
Altercation (personal),No,No,2425
Altercation (personal),Yes,No,2425
Group/clique/gang/crew/etc.,Yes,Yes,2425
Group/clique/gang/crew/etc.,No,No,2425
Altercation (personal),No,No,2425
Group/clique/gang/crew/etc.,No,No,2425
Narcotics,No,No,2001
Altercation (personal),No,No,2001
Group/clique/gang/crew/etc.,No,No,2001
Group/clique/gang/crew/etc.,No,No,2425
Group/clique/gang/crew/etc.,Yes,No,2739
Altercation (personal),No,No,2739
Group/clique/gang/crew/etc.,No,No,2425
Group/clique/gang/crew/etc.,Yes,Yes,2001
Group/clique/gang/crew/etc.,Yes,Yes,2425
Group/clique/gang/crew/etc.,No,Yes,2425
Group/clique/gang/crew/etc.,No,Yes,2001
Group/clique/gang/crew/etc.,No,No,2001
Group/clique/gang/crew/etc.,No,No,2425
Group/clique/gang/crew/etc.,Yes,Yes,2425
Altercation (personal),No,No,2425
Altercation (personal),Yes,No,2425
Altercation (personal),No,No,2001
Group/clique/gang/crew/etc.,No,No,2001
Group/clique/gang/crew/etc.,No,No,2001
Group/clique/gang/crew/etc.,No,No,2425
Group/clique/gang/crew/etc.,No,No,2001
Altercation (personal),No,No,2425
Altercation (personal),Yes,No,2001
Altercation (personal),Yes,No,2001
Altercation (personal),No,No,2001
Group/clique/gang/crew/etc.,No,No,2001
Altercation (personal),No,No,2001
Altercation (personal),No,No,2938
Domestic Violence,No,No,2001
Altercation (personal),No,No,2001
Group/clique/gang/crew/etc.,Yes,Yes,2938
Group/clique/gang/crew/etc.,No,Yes,2001
Group/clique/gang/crew/etc.,No,No,2001
Altercation (personal),No,No,2938
Altercation (personal),No,No,2001
Group/clique/gang/crew/etc.,Yes,Yes,2938
Group/clique/gang/crew/etc.,Yes,No,2001
Group/clique/gang/crew/etc.,Yes,No,2938
Group/clique/gang/crew/etc.,Yes,No,2001
Group/clique/gang/crew/etc.,Yes,No,2001
Group/clique/gang/crew/etc.,No,No,2001
Altercation (personal),No,No,2938
Altercation (personal),No,No,2938
Group/clique/gang/crew/etc.,No,No,2001
Altercation (personal),No,No,2001
Altercation (personal),No,No,2001
Altercation (personal),No,No,2001
Group/clique/gang/crew/etc.,No,No,2001
Group/clique/gang/crew/etc.,No,No,2001
Altercation (personal),No,No,2938
Other (specify):,Yes,Yes,2938
Group/clique/gang/crew/etc.,Yes,No,2938
Group/clique/gang/crew/etc.,No,No,2001
Group/clique/gang/crew/etc.,No,No,2001
Group/clique/gang/crew/etc.,No,No,2001
Group/clique/gang/crew/etc.,No,No,2001
Group/clique/gang/crew/etc.,No,No,2001
Group/clique/gang/crew/etc.,No,No,2001
Group/clique/gang/crew/etc.,No,No,2001
Group/clique/gang/crew/etc.,Yes,Yes,2938
Altercation (personal),Yes,No,2938
Group/clique/gang/crew/etc.,Yes,No,2938
Group/clique/gang/crew/etc.,No,No,2001
Group/clique/gang/crew/etc.,Yes,No,2001
Group/clique/gang/crew/etc.,No,Yes,2938
Altercation (personal),No,No,2938
Altercation (personal),No,No,2001
Group/clique/gang/crew/etc.,No,No,2001
Group/clique/gang/crew/etc.,No,No,2001
Altercation (personal),Yes,No,2938
Altercation (personal),No,No,2001
Group/clique/gang/crew/etc.,No,No,2001
Other (specify):,Yes,No,2938
Narcotics,Yes,No,2938
Group/clique/gang/crew/etc.,No,No,2001
Group/clique/gang/crew/etc.,Yes,Yes,2350
Group/clique/gang/crew/etc.,No,No,3982
Altercation (personal),Yes,Yes,2944
Narcotics,Yes,Yes,3982
Group/clique/gang/crew/etc.,Yes,No,2738
Group/clique/gang/crew/etc.,Yes,No,2738
Group/clique/gang/crew/etc.,Yes,No,2738
Group/clique/gang/crew/etc.,Yes,No,2738
Group/clique/gang/crew/etc.,Yes,No,2738
Altercation (personal),No,No,2738
Group/clique/gang/crew/etc.,Yes,Yes,2738
Group/clique/gang/crew/etc.,No,No,2738
Group/clique/gang/crew/etc.,No,No,2738
Altercation (personal),No,No,2738
Group/clique/gang/crew/etc.,No,No,2738
Group/clique/gang/crew/etc.,Yes,No,2738
Group/clique/gang/crew/etc.,Yes,No,2738
Group/clique/gang/crew/etc.,Yes,Yes,2738
Group/clique/gang/crew/etc.,Yes,No,2738
Group/clique/gang/crew/etc.,No,No,2738
Altercation (personal),Yes,No,2738
Group/clique/gang/crew/etc.,Yes,Yes,2738
Altercation (personal),No,No,2738
Group/clique/gang/crew/etc.,No,No,2738
Group/clique/gang/crew/etc.,No,No,2738
Altercation (personal),No,No,2738
Group/clique/gang/crew/etc.,Yes,No,2738
Group/clique/gang/crew/etc.,No,No,2738
Group/clique/gang/crew/etc.,No,No,2738
Robbery/Jumped/Mugged,No,No,2738
Group/clique/gang/crew/etc.,Yes,No,2738
Group/clique/gang/crew/etc.,Yes,No,2738
Group/clique/gang/crew/etc.,Yes,Yes,2738
Group/clique/gang/crew/etc.,Yes,No,2738
Group/clique/gang/crew/etc.,No,No,2738
Group/clique/gang/crew/etc.,Yes,No,2738
Group/clique/gang/crew/etc.,Yes,No,2738
Group/clique/gang/crew/etc.,Yes,No,2738
Group/clique/gang/crew/etc.,Yes,Yes,2738
Group/clique/gang/crew/etc.,No,No,2738
Group/clique/gang/crew/etc.,Yes,No,2738
Group/clique/gang/crew/etc.,Yes,No,2738
Group/clique/gang/crew/etc.,Yes,No,2738
Group/clique/gang/crew/etc.,Yes,No,2738
Group/clique/gang/crew/etc.,Yes,No,2738
Altercation (personal),Yes,Yes,2738
Altercation (personal),No,No,2738
Group/clique/gang/crew/etc.,Yes,Yes,2932
Altercation (personal),No,No,2932
Group/clique/gang/crew/etc.,Yes,Yes,2738
Group/clique/gang/crew/etc.,Yes,No,2738
Group/clique/gang/crew/etc.,Yes,Yes,2738
Group/clique/gang/crew/etc.,No,No,2738
Group/clique/gang/crew/etc.,No,No,2738
Domestic Violence,Yes,No,2738
Group/clique/gang/crew/etc.,No,No,2932
Group/clique/gang/crew/etc.,No,No,2738
Group/clique/gang/crew/etc.,Yes,Yes,2738
Group/clique/gang/crew/etc.,Yes,Yes,2738
Group/clique/gang/crew/etc.,Yes,Yes,2738
Other (specify):,No,Yes,2932
Group/clique/gang/crew/etc.,Yes,Yes,2938
Altercation (personal),Yes,Yes,2738
Group/clique/gang/crew/etc.,Yes,No,2738
Altercation (personal),Yes,No,2738
Other (specify):,No,No,2932
Group/clique/gang/crew/etc.,Yes,No,2738
Group/clique/gang/crew/etc.,Yes,No,2738
Group/clique/gang/crew/etc.,Yes,No,2738
Group/clique/gang/crew/etc.,Yes,No,2738
Group/clique/gang/crew/etc.,No,No,2738
Group/clique/gang/crew/etc.,Yes,No,2738
Altercation (personal),No,No,2932
Group/clique/gang/crew/etc.,No,No,2738
Group/clique/gang/crew/etc.,No,No,2738
Group/clique/gang/crew/etc.,No,No,2738
Altercation (personal),No,No,2932
Altercation (personal),No,No,2932
Group/clique/gang/crew/etc.,Yes,No,2738
Group/clique/gang/crew/etc.,Yes,No,2738
Group/clique/gang/crew/etc.,No,No,2738
Group/clique/gang/crew/etc.,Yes,No,2738
Group/clique/gang/crew/etc.,No,No,2738
Altercation (personal),Yes,No,2738
Group/clique/gang/crew/etc.,Yes,No,2738
Altercation (personal),No,No,2932
Child Abuse,Yes,Yes,2738
Group/clique/gang/crew/etc.,Yes,No,2738
Group/clique/gang/crew/etc.,Yes,No,2738
Group/clique/gang/crew/etc.,No,No,2738
Group/clique/gang/crew/etc.,No,No,2738
Group/clique/gang/crew/etc.,No,No,2932
Burglary,No,No,2932
Altercation (personal),No,No,2932
Other (specify):,No,No,2932
Group/clique/gang/crew/etc.,Yes,No,2738
Group/clique/gang/crew/etc.,Yes,No,2738
Group/clique/gang/crew/etc.,Yes,No,2738
Group/clique/gang/crew/etc.,Yes,No,2738
Group/clique/gang/crew/etc.,Yes,No,2738
Group/clique/gang/crew/etc.,Yes,Yes,2738
Group/clique/gang/crew/etc.,Yes,No,2738
Altercation (personal),No,No,2738
Group/clique/gang/crew/etc.,Yes,Yes,2738
Group/clique/gang/crew/etc.,Yes,Yes,2738
Group/clique/gang/crew/etc.,Yes,Yes,2738
Narcotics,Yes,Yes,2738
Group/clique/gang/crew/etc.,Yes,No,2738
Group/clique/gang/crew/etc.,Yes,No,2738
Altercation (personal),No,No,2932
Altercation (personal),No,No,2932
Group/clique/gang/crew/etc.,Yes,No,2932
Group/clique/gang/crew/etc.,Yes,No,2738
Group/clique/gang/crew/etc.,No,No,2738
Altercation (personal),Yes,No,2738
Group/clique/gang/crew/etc.,Yes,Yes,2738
Altercation (personal),No,No,2932
Altercation (personal),No,No,2932
Other (specify):,No,No,2932
Altercation (personal),No,No,2932
Group/clique/gang/crew/etc.,Yes,No,2932
Altercation (personal),No,No,2932
Altercation (personal),No,No,2738
Robbery/Jumped/Mugged,No,No,2738
Group/clique/gang/crew/etc.,Yes,No,2738
Group/clique/gang/crew/etc.,No,Yes,2932
Altercation (personal),No,No,2932
Group/clique/gang/crew/etc.,No,No,2738
Group/clique/gang/crew/etc.,No,No,2738
Altercation (personal),Yes,No,2738
Group/clique/gang/crew/etc.,No,No,2738
Group/clique/gang/crew/etc.,Yes,No,2738
Group/clique/gang/crew/etc.,Yes,Yes,2738
Group/clique/gang/crew/etc.,No,No,2738
Altercation (personal),No,No,2932
Group/clique/gang/crew/etc.,Yes,No,2932
Altercation (personal),No,No,2932
Group/clique/gang/crew/etc.,Yes,No,2738
Group/clique/gang/crew/etc.,No,No,2738
Group/clique/gang/crew/etc.,No,No,2738
Altercation (personal),Yes,No,2738
Group/clique/gang/crew/etc.,Yes,No,2738
Altercation (personal),No,No,2932
Altercation (personal),No,No,2932
Group/clique/gang/crew/etc.,No,No,2738
Group/clique/gang/crew/etc.,Yes,No,2738
Group/clique/gang/crew/etc.,No,No,2738
Group/clique/gang/crew/etc.,Yes,Yes,2738
Altercation (personal),No,No,2932
Group/clique/gang/crew/etc.,Yes,Yes,2738
Group/clique/gang/crew/etc.,Yes,No,2738
Group/clique/gang/crew/etc.,Yes,No,2738
Group/clique/gang/crew/etc.,Yes,No,2932
Altercation (personal),No,No,2932
Altercation (personal),Yes,No,3745
Group/clique/gang/crew/etc.,No,No,3064
Altercation (personal),Yes,No,3745
Altercation (personal),No,No,3745
Robbery/Jumped/Mugged,No,No,3745
Group/clique/gang/crew/etc.,Yes,No,3064
Other (specify):,No,Yes,3745
Group/clique/gang/crew/etc.,No,No,2743
Altercation (personal),Yes,No,2339
Group/clique/gang/crew/etc.,Yes,No,2339
Group/clique/gang/crew/etc.,No,No,2743
Group/clique/gang/crew/etc.,No,No,2743
Narcotics,Yes,No,2339
Altercation (personal),No,No,2743
Altercation (personal),No,No,2339
Altercation (personal),No,No,2743
Altercation (personal),No,No,2743
Group/clique/gang/crew/etc.,No,No,2743
Altercation (personal),No,No,2743
Altercation (personal),No,No,2743
Altercation (personal),No,No,2743
Domestic Violence,No,No,2339
Group/clique/gang/crew/etc.,Yes,No,2339
Altercation (personal),Yes,No,2339
Altercation (personal),No,No,2743
Altercation (personal),No,No,2743
Altercation (personal),No,No,2339
Group/clique/gang/crew/etc.,No,No,2743
Group/clique/gang/crew/etc.,No,No,2339
Altercation (personal),No,No,2743
Altercation (personal),No,No,2339
Group/clique/gang/crew/etc.,No,No,2339
Group/clique/gang/crew/etc.,No,No,2339
Group/clique/gang/crew/etc.,No,No,2339
Group/clique/gang/crew/etc.,No,No,2339
Altercation (personal),No,No,2743
Group/clique/gang/crew/etc.,No,No,2743
Group/clique/gang/crew/etc.,No,No,2339
Group/clique/gang/crew/etc.,No,No,2743
Altercation (personal),No,No,2339
Altercation (personal),No,No,2743
Group/clique/gang/crew/etc.,No,No,2339
Altercation (personal),Yes,No,1100
Altercation (personal),No,No,1100
Altercation (personal),Yes,Yes,1100
Narcotics,Yes,No,1100
Altercation (personal),No,No,1100
Group/clique/gang/crew/etc.,Yes,Yes,1100
Altercation (personal),Yes,No,2761
Altercation (personal),No,No,2761
Narcotics,No,No,1099
Group/clique/gang/crew/etc.,Yes,Yes,1099
Group/clique/gang/crew/etc.,Yes,Yes,963
Narcotics,Yes,Yes,963
Group/clique/gang/crew/etc.,Yes,Yes,963
Altercation (personal),Yes,Yes,963
Altercation (personal),Yes,Yes,963
Group/clique/gang/crew/etc.,No,No,1295
Group/clique/gang/crew/etc.,Yes,Yes,2063
Altercation (personal),No,No,1295
Burglary,No,No,1295
Group/clique/gang/crew/etc.,No,No,1295
Group/clique/gang/crew/etc.,Yes,No,1294
Altercation (personal),Yes,Yes,2063
Group/clique/gang/crew/etc.,No,No,1295
Altercation (personal),No,No,963
Narcotics,No,No,963
Group/clique/gang/crew/etc.,Yes,Yes,2675
Group/clique/gang/crew/etc.,No,No,1414
Robbery/Jumped/Mugged,Yes,Yes,2176
Group/clique/gang/crew/etc.,Yes,Yes,2176
Group/clique/gang/crew/etc.,No,No,2176
Altercation (personal),Yes,No,2171
Group/clique/gang/crew/etc.,Yes,No,1342
Altercation (personal),Yes,No,979
Altercation (personal),Yes,No,2010
Narcotics,No,No,2010
Group/clique/gang/crew/etc.,Yes,Yes,2010
Altercation (personal),Yes,No,2010
Group/clique/gang/crew/etc.,Yes,No,2010
Altercation (personal),Yes,Yes,2010
Burglary,Yes,No,2010
Altercation (personal),Yes,No,2010
Narcotics,Yes,No,2010
Burglary,Yes,No,2010
Robbery/Jumped/Mugged,Yes,No,2010
Altercation (personal),Yes,Yes,2010
Burglary,Yes,No,2010
Narcotics,Yes,No,2010
Robbery/Jumped/Mugged,Yes,No,2941
Altercation (personal),Yes,Yes,2941
Altercation (personal),Yes,Yes,2010
Group/clique/gang/crew/etc.,Yes,No,2941
Domestic Violence,Yes,No,2941
Robbery/Jumped/Mugged,Yes,Yes,2010
Altercation (personal),Yes,No,2010
Altercation (personal),Yes,Yes,2010
Altercation (personal),Yes,No,2941
Altercation (personal),Yes,No,2941
Altercation (personal),Yes,No,2941
Altercation (personal),Yes,No,2941
Altercation (personal),No,No,2941
Group/clique/gang/crew/etc.,Yes,No,2941
Narcotics,Yes,No,2010
Altercation (personal),Yes,Yes,2010
Altercation (personal),Yes,No,2010
Altercation (personal),No,No,2941
Narcotics,Yes,No,2941
Altercation (personal),No,No,2941
Altercation (personal),No,No,2941
Group/clique/gang/crew/etc.,Yes,Yes,2941
Robbery/Jumped/Mugged,No,No,2941
Altercation (personal),Yes,Yes,2941
Altercation (personal),Yes,No,2010
Altercation (personal),Yes,No,2941
Altercation (personal),No,No,2941
Robbery/Jumped/Mugged,Yes,Yes,2010
Burglary,Yes,No,2941
Domestic Violence,No,No,2941
Group/clique/gang/crew/etc.,Yes,No,2941
Burglary,Yes,No,2010
Other (specify):,Yes,No,2010
Altercation (personal),Yes,No,2941
Narcotics,Yes,No,2010
Unknown,Yes,No,2010
Altercation (personal),Yes,No,2941
Altercation (personal),Yes,No,2010
Group/clique/gang/crew/etc.,,Yes,2941
Burglary,Yes,No,2941
Altercation (personal),Yes,No,2010
Altercation (personal),No,No,2010
Altercation (personal),Yes,No,2941
Altercation (personal),Yes,No,2941
Altercation (personal),Yes,Yes,2941
Robbery/Jumped/Mugged,Yes,No,2941
Altercation (personal),Yes,No,2010
Narcotics,Yes,No,2010
Altercation (personal),Yes,No,2010
Narcotics,Yes,No,2010
Altercation (personal),Yes,No,2010
Altercation (personal),Yes,No,2010
Robbery/Jumped/Mugged,Yes,No,2010
Altercation (personal),No,No,2010
Altercation (personal),Yes,No,2010
Altercation (personal),Yes,No,2941
Altercation (personal),Yes,No,2941
Altercation (personal),Yes,No,2941
Robbery/Jumped/Mugged,Yes,Yes,2941
Narcotics,Yes,No,2010
Domestic Violence,Yes,No,2941
Altercation (personal),Yes,No,2010
Altercation (personal),No,No,2010
Group/clique/gang/crew/etc.,Yes,No,2010
Altercation (personal),Yes,No,2010
Robbery/Jumped/Mugged,Yes,Yes,2941
Other (specify):,No,No,2941
Group/clique/gang/crew/etc.,Yes,No,2010
Group/clique/gang/crew/etc.,Yes,No,2010
Group/clique/gang/crew/etc.,Yes,Yes,2010
Altercation (personal),Yes,No,2010
Altercation (personal),Yes,No,2941
Group/clique/gang/crew/etc.,Yes,No,2010
Group/clique/gang/crew/etc.,Yes,Yes,2010
Other (specify):,Yes,Yes,2797
Altercation (personal),Yes,No,3071
Altercation (personal),Yes,No,2797
Group/clique/gang/crew/etc.,No,No,3075
Other (specify):,Yes,No,2797
Domestic Violence,No,No,3075
Altercation (personal),Yes,No,3071
Other (specify):,Yes,No,2797
Altercation (personal),No,No,2797
Altercation (personal),Yes,No,3071
Group/clique/gang/crew/etc.,Yes,No,3075
Altercation (personal),Yes,No,2797
Narcotics,No,No,2797
Altercation (personal),Yes,No,1337
Altercation (personal),Yes,No,2797
Group/clique/gang/crew/etc.,Yes,Yes,2797
Narcotics,Yes,No,3075
Group/clique/gang/crew/etc.,Yes,No,2797
Group/clique/gang/crew/etc.,No,No,3075
Altercation (personal),No,No,2797
Altercation (personal),Yes,No,2797
Group/clique/gang/crew/etc.,Yes,Yes,2758
Altercation (personal),Yes,Yes,1435
Altercation (personal),No,No,3071
Altercation (personal),Yes,No,2758
Altercation (personal),Yes,No,2797
Group/clique/gang/crew/etc.,Yes,No,3075
Altercation (personal),Yes,No,2758
Altercation (personal),No,No,2797
Altercation (personal),Yes,No,3075
Narcotics,Yes,No,2797
Altercation (personal),No,No,3071
Narcotics,No,No,3075
Altercation (personal),Yes,No,3075
Group/clique/gang/crew/etc.,Yes,No,2797
Robbery/Jumped/Mugged,No,No,2797
Group/clique/gang/crew/etc.,Yes,No,2758
Altercation (personal),No,No,3075
Group/clique/gang/crew/etc.,Yes,No,2758
Altercation (personal),Yes,Yes,2797
Robbery/Jumped/Mugged,No,No,2758
Altercation (personal),Yes,No,2797
Altercation (personal),No,No,3075
Altercation (personal),No,No,3075
Narcotics,No,No,3071
Altercation (personal),No,No,2797
Group/clique/gang/crew/etc.,Yes,No,2797
Altercation (personal),Yes,No,2797
Group/clique/gang/crew/etc.,Yes,No,2797
Altercation (personal),Yes,No,2797
Group/clique/gang/crew/etc.,No,No,3075
Group/clique/gang/crew/etc.,Yes,Yes,3075
Altercation (personal),Yes,No,2797
Altercation (personal),Yes,No,2797
Altercation (personal),No,No,3075
Altercation (personal),No,No,3075
Robbery/Jumped/Mugged,Yes,No,3075
Other (specify):,Yes,Yes,2797
Altercation (personal),Yes,No,2797
Altercation (personal),Yes,No,2797
Robbery/Jumped/Mugged,Yes,No,2797
Altercation (personal),Yes,No,2797
Narcotics,No,No,2797
Altercation (personal),No,No,3075
Narcotics,No,No,3075
Altercation (personal),Yes,No,3071
Burglary,Yes,No,3071
Group/clique/gang/crew/etc.,No,No,3136
Group/clique/gang/crew/etc.,Yes,No,2797
Domestic Violence,Yes,No,2797
Robbery/Jumped/Mugged,No,No,3075
Group/clique/gang/crew/etc.,No,No,2797
Narcotics,No,No,3075
Altercation (personal),No,No,2797
Group/clique/gang/crew/etc.,Yes,No,2797
Altercation (personal),Yes,No,2797
Altercation (personal),No,No,3075
Altercation (personal),Yes,No,3075
Altercation (personal),Yes,No,3136
Altercation (personal),Yes,No,2797
Altercation (personal),Yes,No,2797
Narcotics,Yes,No,3071
Burglary,Yes,No,2797
Robbery/Jumped/Mugged,Yes,Yes,2797
Group/clique/gang/crew/etc.,No,No,3075
Narcotics,No,No,3136
Narcotics,Yes,No,2797
Altercation (personal),No,No,3136
Group/clique/gang/crew/etc.,No,No,2797
Narcotics,Yes,No,3136
Altercation (personal),Yes,No,2797
Group/clique/gang/crew/etc.,Yes,No,2797
Altercation (personal),No,No,3075
Group/clique/gang/crew/etc.,Yes,No,2797
Altercation (personal),No,No,2797
Domestic Violence,Yes,No,2797
Group/clique/gang/crew/etc.,Yes,No,3136
Altercation (personal),Yes,No,2797
Robbery/Jumped/Mugged,Yes,No,2797
Altercation (personal),No,No,3075
Narcotics,No,No,3075
Narcotics,Yes,No,2797
Altercation (personal),No,No,2797
Narcotics,No,No,3075
Domestic Violence,No,No,3075
Altercation (personal),Yes,No,3071
Group/clique/gang/crew/etc.,No,No,3136
Altercation (personal),Yes,No,2797
Narcotics,Yes,No,2797
Altercation (personal),No,No,3075
Altercation (personal),Yes,No,2797
Altercation (personal),No,No,3075
Altercation (personal),No,No,2797
Robbery/Jumped/Mugged,No,No,2797
Altercation (personal),No,No,3136
Group/clique/gang/crew/etc.,Yes,No,3136
Altercation (personal),No,No,3136
Group/clique/gang/crew/etc.,Yes,No,3136
Group/clique/gang/crew/etc.,Yes,No,2797
Group/clique/gang/crew/etc.,No,No,2797
Altercation (personal),No,No,3075
Domestic Violence,No,No,3075
Narcotics,Yes,No,3071
Altercation (personal),Yes,No,2797
Altercation (personal),No,No,3136
Domestic Violence,Yes,No,2797
Altercation (personal),No,No,3075
Altercation (personal),No,No,3075
Group/clique/gang/crew/etc.,Yes,No,2797
Altercation (personal),No,No,2797
Other (specify):,No,No,3075
Altercation (personal),Yes,No,2797
Group/clique/gang/crew/etc.,No,No,3136
Group/clique/gang/crew/etc.,Yes,No,2797
Narcotics,Yes,No,2797
Altercation (personal),No,No,3075
Altercation (personal),No,No,3075
Altercation (personal),No,No,2797
Group/clique/gang/crew/etc.,No,No,3136
Altercation (personal),Yes,No,2797
Altercation (personal),No,No,3075
Altercation (personal),No,No,2797
Narcotics,No,No,3075
Narcotics,No,No,3075
Altercation (personal),Yes,No,2797
Altercation (personal),No,No,2797
Other (specify):,Yes,No,2797
Altercation (personal),Yes,No,2797
Altercation (personal),No,No,2797
Group/clique/gang/crew/etc.,No,No,3075
Altercation (personal),Yes,No,2797
Burglary,Yes,No,2797
Group/clique/gang/crew/etc.,Yes,No,2797
Robbery/Jumped/Mugged,Yes,No,2797
Altercation (personal),Yes,No,2797
Altercation (personal),No,No,3075
Narcotics,No,No,3075
Group/clique/gang/crew/etc.,Yes,No,2797
Altercation (personal),Yes,No,3075
Altercation (personal),No,No,3075
Group/clique/gang/crew/etc.,No,Yes,3136
Domestic Violence,No,No,2797
Altercation (personal),Yes,No,2797
Narcotics,Yes,No,2797
Altercation (personal),No,No,2797
Altercation (personal),No,No,3075
Altercation (personal),No,No,3075
Narcotics,No,No,3075
Altercation (personal),Yes,No,2797
Domestic Violence,Yes,No,2797
Narcotics,No,No,3071
Altercation (personal),No,No,3075
Altercation (personal),Yes,No,3071
Altercation (personal),Yes,No,2797
Burglary,Yes,No,2797
Altercation (personal),Yes,No,2797
Altercation (personal),No,No,3136
Altercation (personal),Yes,No,2797
Altercation (personal),Yes,No,3136
Altercation (personal),Yes,No,3136
Narcotics,Yes,No,2797
Altercation (personal),No,No,3075
Other (specify):,Yes,No,3075
Other (specify):,Yes,No,3075
Narcotics,Yes,No,2797
Altercation (personal),Yes,No,2797
Altercation (personal),Yes,No,2797
Group/clique/gang/crew/etc.,Yes,No,2797
Group/clique/gang/crew/etc.,Yes,No,2797
Altercation (personal),Yes,No,3136
Group/clique/gang/crew/etc.,Yes,No,2797
Altercation (personal),Yes,No,2797
Altercation (personal),Yes,No,2797
Altercation (personal),Yes,No,2797
Group/clique/gang/crew/etc.,Yes,Yes,2797
Domestic Violence,No,No,3136
Burglary,Yes,Yes,2797
Altercation (personal),Yes,No,2797
Altercation (personal),No,No,3071
Burglary,Yes,No,2797
Narcotics,Yes,No,2797
Robbery/Jumped/Mugged,Yes,No,3071
Altercation (personal),No,Yes,3075
Altercation (personal),Yes,No,2797
Altercation (personal),Yes,No,2797
Group/clique/gang/crew/etc.,Yes,Yes,3071
Group/clique/gang/crew/etc.,Yes,No,3071
Altercation (personal),Yes,No,2797
Narcotics,Yes,No,2797
Altercation (personal),No,No,3071
Domestic Violence,Yes,No,2797
Burglary,Yes,No,2797
Group/clique/gang/crew/etc.,Yes,No,3071
Altercation (personal),Yes,No,2797
Narcotics,Yes,No,2797
Group/clique/gang/crew/etc.,Yes,Yes,3075
Altercation (personal),Yes,No,3075
Group/clique/gang/crew/etc.,Yes,No,3136
Altercation (personal),Yes,No,2797
Altercation (personal),Yes,No,3071
Domestic Violence,Yes,No,2797
Narcotics,Yes,No,2797
Domestic Violence,No,No,3075
Altercation (personal),Yes,No,3075
Altercation (personal),Yes,No,2797
Narcotics,No,No,3071
Other (specify):,No,No,3075
Altercation (personal),No,No,3075
Altercation (personal),Yes,No,3075
Narcotics,No,No,3071
Altercation (personal),Yes,No,3071
Altercation (personal),Yes,No,2797
Domestic Violence,No,No,3075
Altercation (personal),Yes,No,2797
Altercation (personal),No,No,2797
Altercation (personal),Yes,No,2797
Narcotics,Yes,No,2797
Narcotics,Yes,No,2797
Altercation (personal),No,No,3075
Altercation (personal),No,No,3075
Altercation (personal),Yes,No,2797
Group/clique/gang/crew/etc.,Yes,No,2797
Group/clique/gang/crew/etc.,Yes,Yes,2797
Group/clique/gang/crew/etc.,Yes,Yes,2797
Group/clique/gang/crew/etc.,No,No,3075
Robbery/Jumped/Mugged,Yes,No,2797
Narcotics,Yes,No,2797
Group/clique/gang/crew/etc.,Yes,No,2797
Altercation (personal),Yes,No,2797
Group/clique/gang/crew/etc.,Yes,Yes,3075
Robbery/Jumped/Mugged,Yes,No,3075
Robbery/Jumped/Mugged,Yes,No,3071
Robbery/Jumped/Mugged,Yes,No,3071
Other (specify):,Yes,No,3748
Altercation (personal),No,No,3671
Altercation (personal),No,No,3671
Group/clique/gang/crew/etc.,Yes,No,2797
Group/clique/gang/crew/etc.,Yes,No,3748
Altercation (personal),Yes,No,3748
Robbery/Jumped/Mugged,Yes,Yes,2797
Altercation (personal),Yes,No,2797
Altercation (personal),Yes,No,3671
Narcotics,No,No,2797
Altercation (personal),Yes,No,2797
Altercation (personal),Yes,No,2797
Altercation (personal),Yes,No,2797
Burglary,Yes,Yes,2797
Altercation (personal),Yes,No,2797
Altercation (personal),Yes,No,2797
Altercation (personal),Yes,No,2797
Altercation (personal),Yes,No,2797
Other (specify):,Yes,No,3075
Altercation (personal),Yes,No,2797
Narcotics,Yes,No,2797
Group/clique/gang/crew/etc.,Yes,No,2797
Altercation (personal),No,No,3075
Domestic Violence,Yes,No,2797
Altercation (personal),Yes,No,2797
Domestic Violence,No,No,3075
Narcotics,No,No,3075
Domestic Violence,Yes,No,2797
Altercation (personal),Yes,No,2797
Group/clique/gang/crew/etc.,Yes,No,2797
Robbery/Jumped/Mugged,Yes,No,3071
Group/clique/gang/crew/etc.,Yes,No,2797
Altercation (personal),Yes,No,3071
Group/clique/gang/crew/etc.,Yes,No,2797
Group/clique/gang/crew/etc.,Yes,No,3075
Altercation (personal),Yes,No,2797
Altercation (personal),No,No,3075
Altercation (personal),Yes,No,2797
Domestic Violence,Yes,No,2797
Altercation (personal),Yes,No,2797
Altercation (personal),No,No,3075
Group/clique/gang/crew/etc.,No,No,3075
Altercation (personal),Yes,No,2797
Narcotics,Yes,No,2797
Robbery/Jumped/Mugged,Yes,Yes,3075
Group/clique/gang/crew/etc.,Yes,No,2797
Altercation (personal),Yes,Yes,2797
Narcotics,Yes,Yes,2797
Other (specify):,Yes,Yes,2797
Group/clique/gang/crew/etc.,Yes,No,2797
Other (specify):,No,No,2797
Altercation (personal),Yes,No,3071
Altercation (personal),Yes,No,2797
Group/clique/gang/crew/etc.,Yes,No,2797
Burglary,Yes,No,2797
Robbery/Jumped/Mugged,Yes,No,3071
Group/clique/gang/crew/etc.,Yes,Yes,3071
Group/clique/gang/crew/etc.,Yes,No,3071
Group/clique/gang/crew/etc.,Yes,No,2797
Other (specify):,Yes,No,2797
Narcotics,Yes,No,3071
Unknown,No,Yes,3075
Altercation (personal),Yes,Yes,2797
Domestic Violence,Yes,No,3071
Domestic Violence,Yes,No,2797
Altercation (personal),Yes,No,2797
Altercation (personal),Yes,No,3071
Altercation (personal),Yes,No,2797
Domestic Violence,No,No,3075
Burglary,Yes,No,2797
Altercation (personal),Yes,No,2797
Unknown,Yes,Yes,2797
Group/clique/gang/crew/etc.,Yes,No,2797
Altercation (personal),No,No,3075
Altercation (personal),No,Yes,3071
Robbery/Jumped/Mugged,Yes,Yes,3071
Domestic Violence,Yes,No,2797
Altercation (personal),No,Yes,3075
Unknown,Yes,Yes,2797
Altercation (personal),Yes,No,2797
Altercation (personal),Yes,No,2797
Altercation (personal),Yes,No,2797
Altercation (personal),Yes,No,2797
Altercation (personal),Yes,Yes,3071
Altercation (personal),Yes,Yes,3075
Altercation (personal),Yes,No,2797
Unknown,Yes,Yes,3075
Other (specify):,Yes,No,3075
Group/clique/gang/crew/etc.,Yes,No,2797
Group/clique/gang/crew/etc.,Yes,Yes,3071
Group/clique/gang/crew/etc.,Yes,Yes,2797
Group/clique/gang/crew/etc.,Yes,No,2797
Group/clique/gang/crew/etc.,Yes,No,2797
Group/clique/gang/crew/etc.,Yes,No,2797
Altercation (personal),Yes,Yes,3075
Altercation (personal),Yes,No,2797
Domestic Violence,Yes,No,2797
Domestic Violence,No,Yes,3075
Robbery/Jumped/Mugged,Yes,No,2797
Child Abuse,Yes,No,2797
Altercation (personal),Yes,No,2797
Altercation (personal),No,No,3075
Altercation (personal),Yes,Yes,2797
Group/clique/gang/crew/etc.,Yes,No,2797
Burglary,Yes,Yes,2797
Burglary,Yes,Yes,3075
Burglary,No,Yes,3075
Altercation (personal),Yes,Yes,3075
Other (specify):,Yes,No,2797
Burglary,Yes,Yes,3075
Burglary,Yes,Yes,3075
Domestic Violence,Yes,No,2797
Burglary,Yes,No,2797
Narcotics,Yes,Yes,2797
Narcotics,Yes,No,2797
Unknown,Yes,Yes,3075
Altercation (personal),Yes,No,3075
Altercation (personal),Yes,No,2797
Altercation (personal),Yes,No,2797
Altercation (personal),No,No,3075
Domestic Violence,No,No,3978
Altercation (personal),No,No,3075
Group/clique/gang/crew/etc.,Yes,Yes,2797
Burglary,Yes,No,2797
Group/clique/gang/crew/etc.,Yes,No,2797
Narcotics,No,Yes,2758
Altercation (personal),Yes,No,2758
Altercation (personal),Yes,No,2356
Group/clique/gang/crew/etc.,Yes,No,2356
Group/clique/gang/crew/etc.,Yes,No,2758
Altercation (personal),Yes,No,2797
Robbery/Jumped/Mugged,No,No,2356
Other (specify):,No,No,2356
Group/clique/gang/crew/etc.,Yes,No,2933
Domestic Violence,No,No,2356
Group/clique/gang/crew/etc.,No,No,2354
Domestic Violence,Yes,No,2933
Group/clique/gang/crew/etc.,Yes,No,2933
Other (specify):,No,No,2354
Group/clique/gang/crew/etc.,Yes,No,2933
Altercation (personal),No,No,2933
Altercation (personal),Yes,No,2356
Altercation (personal),Yes,No,2933
Other (specify):,No,No,2933
Altercation (personal),Yes,No,2354
Group/clique/gang/crew/etc.,No,No,2933
Domestic Violence,Yes,No,2356
Altercation (personal),No,No,2356
Group/clique/gang/crew/etc.,Yes,Yes,2933
Robbery/Jumped/Mugged,Yes,No,2933
Group/clique/gang/crew/etc.,Yes,No,2933
Domestic Violence,Yes,No,2354
Altercation (personal),No,Yes,2681
Group/clique/gang/crew/etc.,No,Yes,2681
Group/clique/gang/crew/etc.,Yes,Yes,2681
Group/clique/gang/crew/etc.,Yes,Yes,2681
Altercation (personal),No,Yes,2681
Group/clique/gang/crew/etc.,No,No,2210
Group/clique/gang/crew/etc.,Yes,Yes,2681
Altercation (personal),Yes,No,2681
Group/clique/gang/crew/etc.,No,Yes,2681
Other (specify):,No,No,2681
Altercation (personal),No,No,2681
Group/clique/gang/crew/etc.,No,Yes,2681
Group/clique/gang/crew/etc.,Yes,Yes,2681
Other (specify):,No,No,2210
Group/clique/gang/crew/etc.,No,No,2764
Altercation (personal),Yes,Yes,2764
Group/clique/gang/crew/etc.,Yes,Yes,2764
Other (specify):,No,Yes,2210
Group/clique/gang/crew/etc.,Yes,Yes,2210
Altercation (personal),No,No,2681
Altercation (personal),No,No,2681
Altercation (personal),No,No,2681
Altercation (personal),No,No,2681
Group/clique/gang/crew/etc.,Yes,Yes,2755
Altercation (personal),Yes,No,2210
Altercation (personal),Yes,Yes,2681
Group/clique/gang/crew/etc.,Yes,Yes,2681
Other (specify):,Yes,Yes,2681
Domestic Violence,Yes,No,2681
Altercation (personal),No,No,2681
Domestic Violence,No,No,2210
Narcotics,Yes,No,2210
Domestic Violence,Yes,No,2210
Domestic Violence,Yes,No,2210
Domestic Violence,No,No,2210
Altercation (personal),No,No,2210
Group/clique/gang/crew/etc.,Yes,Yes,811
Robbery/Jumped/Mugged,Yes,Yes,2767
Burglary,No,No,811
Domestic Violence,Yes,No,2210
Altercation (personal),Yes,Yes,811
Group/clique/gang/crew/etc.,Yes,Yes,2915
Group/clique/gang/crew/etc.,,Yes,2915
Domestic Violence,Yes,No,3953
Altercation (personal),No,No,3898
Altercation (personal),Yes,Yes,3953
Other (specify):,Yes,Yes,3948
Unknown,No,Yes,3898
Altercation (personal),Yes,No,3898
Altercation (personal),Yes,No,3953
Group/clique/gang/crew/etc.,Yes,Yes,986
Group/clique/gang/crew/etc.,Yes,No,1327
Group/clique/gang/crew/etc.,Yes,No,978
Domestic Violence,No,No,986
Altercation (personal),Yes,No,2220
Altercation (personal),Yes,No,1327
Altercation (personal),Yes,No,2220
Altercation (personal),No,No,2220
Altercation (personal),Yes,No,2217
Robbery/Jumped/Mugged,Yes,No,2220
Altercation (personal),Yes,No,2220
Altercation (personal),Yes,No,2220
Robbery/Jumped/Mugged,Yes,No,2220
Altercation (personal),Yes,No,2607
Altercation (personal),Yes,No,2220
Altercation (personal),Yes,No,2220
Other (specify):,Yes,No,2217
Altercation (personal),Yes,No,2220
Robbery/Jumped/Mugged,Yes,No,2607
Altercation (personal),Yes,Yes,2941
Other (specify):,Yes,No,2930
Group/clique/gang/crew/etc.,Yes,Yes,2930
Altercation (personal),Yes,No,1327
Altercation (personal),Yes,No,2941
Altercation (personal),Yes,No,2607
Altercation (personal),Yes,Yes,2220
Altercation (personal),Yes,Yes,2930
Altercation (personal),Yes,Yes,2941
Altercation (personal),Yes,No,2220
Altercation (personal),Yes,No,2220
Robbery/Jumped/Mugged,Yes,No,960
Altercation (personal),No,No,960
Robbery/Jumped/Mugged,Yes,No,2220
Group/clique/gang/crew/etc.,Yes,Yes,2930
Altercation (personal),Yes,No,2941
Altercation (personal),No,No,2217
Burglary,No,No,960
Narcotics,No,Yes,977
Altercation (personal),Yes,No,2220
Altercation (personal),Yes,Yes,977
Altercation (personal),Yes,No,2220
Altercation (personal),Yes,No,2941
Altercation (personal),Yes,No,960
Narcotics,Yes,No,2930
Domestic Violence,No,No,2941
Altercation (personal),Yes,No,2941
Burglary,No,No,2930
Narcotics,Yes,Yes,977
Altercation (personal),Yes,No,960
Altercation (personal),Yes,No,2941
Altercation (personal),Yes,No,2220
Altercation (personal),No,No,2931
Domestic Violence,Yes,Yes,977
Altercation (personal),No,No,2930
Robbery/Jumped/Mugged,Yes,Yes,2941
Altercation (personal),No,No,2217
Group/clique/gang/crew/etc.,Yes,Yes,2931
Altercation (personal),Yes,No,960
Altercation (personal),Yes,No,2941
Altercation (personal),Yes,No,977
Altercation (personal),Yes,Yes,960
Group/clique/gang/crew/etc.,Yes,No,2930
Group/clique/gang/crew/etc.,Yes,No,2931
Group/clique/gang/crew/etc.,Yes,Yes,2930
Altercation (personal),Yes,No,977
Narcotics,Yes,No,2930
Altercation (personal),Yes,No,2941
Altercation (personal),No,No,2228
Altercation (personal),No,No,3572
Altercation (personal),Yes,No,3572
Altercation (personal),No,No,1411
Other (specify):,No,No,960
Unknown,No,No,3572
Narcotics,Yes,No,3572
Robbery/Jumped/Mugged,Yes,No,3572
Other (specify):,Yes,Yes,960
Unknown,Yes,No,3572
Group/clique/gang/crew/etc.,Yes,No,3572
Altercation (personal),Yes,No,960
Unknown,No,No,3631
Other (specify):,Yes,No,2805
Altercation (personal),No,No,3572
Group/clique/gang/crew/etc.,No,No,3631
Unknown,Yes,No,3572
Altercation (personal),Yes,No,960
Domestic Violence,No,No,960
Altercation (personal),Yes,No,960
Altercation (personal),Yes,No,960
Altercation (personal),No,No,3572
Other (specify):,Yes,No,3572
Altercation (personal),No,No,960
Altercation (personal),No,No,960
Altercation (personal),Yes,No,960
Altercation (personal),Yes,No,1974
Group/clique/gang/crew/etc.,Yes,Yes,1517
Narcotics,Yes,Yes,1517
Domestic Violence,Yes,No,1974
Group/clique/gang/crew/etc.,Yes,Yes,2674
Robbery/Jumped/Mugged,No,No,1974
Group/clique/gang/crew/etc.,Yes,Yes,1974
Narcotics,Yes,No,1974
Group/clique/gang/crew/etc.,Yes,Yes,1974
Altercation (personal),Yes,No,1517
Group/clique/gang/crew/etc.,No,No,2674
Altercation (personal),No,No,1974
Altercation (personal),Yes,No,1974
Other (specify):,No,No,910
Other (specify):,No,No,2735
Group/clique/gang/crew/etc.,Yes,Yes,2735
Domestic Violence,No,No,2735
Altercation (personal),No,No,2735
Altercation (personal),No,No,2735
Other (specify):,No,No,2735
Altercation (personal),No,No,2735
Other (specify):,No,No,2735
Group/clique/gang/crew/etc.,No,No,2371
Altercation (personal),No,No,2735
Altercation (personal),No,No,2735
Group/clique/gang/crew/etc.,Yes,Yes,2735
Domestic Violence,Yes,No,2915
Other (specify):,Yes,No,2736
Group/clique/gang/crew/etc.,Yes,No,2736
Group/clique/gang/crew/etc.,Yes,No,1452
Altercation (personal),No,No,2735
Group/clique/gang/crew/etc.,No,No,2371
Altercation (personal),Yes,No,2736
Group/clique/gang/crew/etc.,Yes,Yes,2736
Group/clique/gang/crew/etc.,Yes,Yes,1422
Altercation (personal),Yes,No,2736
Group/clique/gang/crew/etc.,Yes,No,1422
Other (specify):,No,No,2735
Narcotics,No,No,2735
Group/clique/gang/crew/etc.,Yes,Yes,2225
Altercation (personal),Yes,No,2736
Group/clique/gang/crew/etc.,Yes,No,2736
Group/clique/gang/crew/etc.,Yes,No,2735
Domestic Violence,Yes,No,2225
Other (specify):,No,No,2735
Altercation (personal),No,No,2735
Altercation (personal),Yes,No,2736
Altercation (personal),No,No,2371
Altercation (personal),Yes,No,2736
Altercation (personal),Yes,No,2736
Altercation (personal),Yes,No,2736
Altercation (personal),Yes,No,2736
Altercation (personal),Yes,No,2736
Group/clique/gang/crew/etc.,Yes,Yes,2736
Altercation (personal),Yes,No,2736
Altercation (personal),No,No,2371
Robbery/Jumped/Mugged,No,No,2736
Narcotics,No,No,2736
Group/clique/gang/crew/etc.,No,No,2225
Altercation (personal),Yes,No,2225
Altercation (personal),No,No,2225
Group/clique/gang/crew/etc.,No,No,2736
Altercation (personal),No,No,2225
Group/clique/gang/crew/etc.,Yes,No,2225
Group/clique/gang/crew/etc.,No,No,2736
Robbery/Jumped/Mugged,Yes,No,2736
Altercation (personal),Yes,No,2736
Other (specify):,Yes,No,2736
Other (specify):,Yes,No,2736
Altercation (personal),Yes,No,2736
Altercation (personal),No,No,2736
Altercation (personal),Yes,No,2736
Altercation (personal),No,No,2736
Group/clique/gang/crew/etc.,Yes,No,2736
Group/clique/gang/crew/etc.,Yes,Yes,2736
Group/clique/gang/crew/etc.,Yes,Yes,2736
Group/clique/gang/crew/etc.,Yes,No,3376
Group/clique/gang/crew/etc.,Yes,Yes,2736
Altercation (personal),No,No,2736
Group/clique/gang/crew/etc.,Yes,No,3379
Group/clique/gang/crew/etc.,No,No,2736
Group/clique/gang/crew/etc.,Yes,No,2736
Narcotics,No,No,3376
Group/clique/gang/crew/etc.,Yes,Yes,2736
Group/clique/gang/crew/etc.,Yes,Yes,2736
Altercation (personal),Yes,No,2736
Group/clique/gang/crew/etc.,Yes,No,2736
Group/clique/gang/crew/etc.,Yes,Yes,3379
Altercation (personal),No,Yes,3379
Altercation (personal),,No,3379
Altercation (personal),No,No,3376
Group/clique/gang/crew/etc.,Yes,Yes,3379
Group/clique/gang/crew/etc.,No,No,2736
Group/clique/gang/crew/etc.,No,No,2736
Altercation (personal),No,No,2736
Altercation (personal),Yes,No,3379
Other (specify):,Yes,Yes,2225
Altercation (personal),No,No,2225
Altercation (personal),Yes,No,2225
Group/clique/gang/crew/etc.,Yes,No,2225
Group/clique/gang/crew/etc.,Yes,Yes,2225
Robbery/Jumped/Mugged,Yes,No,2225
Group/clique/gang/crew/etc.,Yes,No,3379
Group/clique/gang/crew/etc.,No,No,2225
Altercation (personal),Yes,Yes,3379
Altercation (personal),No,No,3379
Altercation (personal),No,No,3379
Altercation (personal),No,No,3379
Group/clique/gang/crew/etc.,Yes,No,3379
Group/clique/gang/crew/etc.,Yes,No,3379
Altercation (personal),Yes,No,2736
Altercation (personal),No,No,2736
Other (specify):,Yes,No,2736
Other (specify):,Yes,No,2736
Group/clique/gang/crew/etc.,No,No,3379
Group/clique/gang/crew/etc.,No,No,3379
Group/clique/gang/crew/etc.,No,No,3379
Altercation (personal),No,No,3379
Group/clique/gang/crew/etc.,No,No,3379
Altercation (personal),Yes,Yes,2225
Group/clique/gang/crew/etc.,Yes,Yes,2225
Altercation (personal),Yes,No,2225
Group/clique/gang/crew/etc.,Yes,No,2736
Altercation (personal),Yes,No,3379
Narcotics,Yes,No,2736
Group/clique/gang/crew/etc.,Yes,Yes,3379
Group/clique/gang/crew/etc.,Yes,No,2225
Group/clique/gang/crew/etc.,Yes,No,3379
Altercation (personal),Yes,No,2736
Group/clique/gang/crew/etc.,Yes,Yes,3379
Group/clique/gang/crew/etc.,No,No,2225
Group/clique/gang/crew/etc.,Yes,Yes,2225
Altercation (personal),Yes,No,2736
Altercation (personal),Yes,No,2736
Altercation (personal),Yes,No,2736
Group/clique/gang/crew/etc.,Yes,Yes,3379
Group/clique/gang/crew/etc.,Yes,Yes,2736
Altercation (personal),Yes,Yes,2736
Group/clique/gang/crew/etc.,No,Yes,3379
Group/clique/gang/crew/etc.,No,Yes,3379
Altercation (personal),Yes,No,3379
Altercation (personal),Yes,No,2225
Group/clique/gang/crew/etc.,Yes,Yes,3379
Altercation (personal),No,No,2225
Altercation (personal),No,No,3379
Other (specify):,No,No,2916
Group/clique/gang/crew/etc.,Yes,Yes,3379
Group/clique/gang/crew/etc.,Yes,Yes,3379
Altercation (personal),Yes,No,2736
Altercation (personal),Yes,No,2736
Altercation (personal),Yes,No,3379
Altercation (personal),No,No,3379
Group/clique/gang/crew/etc.,No,Yes,3379
Group/clique/gang/crew/etc.,Yes,Yes,2736
Domestic Violence,No,No,3379
Altercation (personal),No,No,3379
Group/clique/gang/crew/etc.,Yes,No,3379
Altercation (personal),No,No,3379
Altercation (personal),No,No,3379
Altercation (personal),Yes,No,2225
Group/clique/gang/crew/etc.,Yes,No,3379
Group/clique/gang/crew/etc.,Yes,No,2225
Group/clique/gang/crew/etc.,Yes,Yes,3379
Altercation (personal),Yes,No,3379
Group/clique/gang/crew/etc.,No,Yes,3379
Domestic Violence,No,No,2225
Child Abuse,Yes,No,2225
Group/clique/gang/crew/etc.,No,No,2916
Group/clique/gang/crew/etc.,Yes,No,2736
Group/clique/gang/crew/etc.,,No,3379
Group/clique/gang/crew/etc.,Yes,Yes,3379
Group/clique/gang/crew/etc.,No,Yes,3379
Group/clique/gang/crew/etc.,Yes,No,3379
Group/clique/gang/crew/etc.,Yes,Yes,3379
Robbery/Jumped/Mugged,No,No,3379
Group/clique/gang/crew/etc.,Yes,Yes,3379
Group/clique/gang/crew/etc.,Yes,Yes,2225
Group/clique/gang/crew/etc.,Yes,Yes,3379
Group/clique/gang/crew/etc.,Yes,Yes,2736
Altercation (personal),No,No,2225
Group/clique/gang/crew/etc.,No,No,3379
Altercation (personal),Yes,Yes,2225
Group/clique/gang/crew/etc.,Yes,Yes,3379
Group/clique/gang/crew/etc.,Yes,No,3379
Group/clique/gang/crew/etc.,Yes,Yes,2225
Altercation (personal),Yes,No,2736
Altercation (personal),Yes,No,3379
Altercation (personal),No,No,3379
Group/clique/gang/crew/etc.,Yes,No,2225
Group/clique/gang/crew/etc.,Yes,Yes,3379
Group/clique/gang/crew/etc.,Yes,Yes,3379
Altercation (personal),Yes,No,3379
Altercation (personal),Yes,No,2736
Group/clique/gang/crew/etc.,Yes,Yes,2225
Altercation (personal),No,No,3379
Altercation (personal),No,No,3379
Altercation (personal),No,No,3379
Altercation (personal),No,No,3742
Altercation (personal),No,No,3742
Group/clique/gang/crew/etc.,No,No,3379
Group/clique/gang/crew/etc.,Yes,Yes,3379
Other (specify):,Yes,No,3379
Group/clique/gang/crew/etc.,Yes,Yes,2225
Group/clique/gang/crew/etc.,Yes,No,2225
Group/clique/gang/crew/etc.,Yes,No,2225
Group/clique/gang/crew/etc.,Yes,No,2225
Group/clique/gang/crew/etc.,Yes,No,3379
Altercation (personal),No,No,3379
Group/clique/gang/crew/etc.,Yes,No,3742
Altercation (personal),Yes,No,2225
Altercation (personal),Yes,No,2736
Robbery/Jumped/Mugged,Yes,No,2736
Group/clique/gang/crew/etc.,No,Yes,3379
Group/clique/gang/crew/etc.,Yes,Yes,3379
Group/clique/gang/crew/etc.,Yes,Yes,3379
Group/clique/gang/crew/etc.,No,No,3379
Group/clique/gang/crew/etc.,Yes,Yes,3379
Group/clique/gang/crew/etc.,Yes,Yes,3379
Group/clique/gang/crew/etc.,No,No,3742
Domestic Violence,Yes,No,2736
Group/clique/gang/crew/etc.,Yes,No,3379
Domestic Violence,No,No,3379
Group/clique/gang/crew/etc.,Yes,No,3379
Group/clique/gang/crew/etc.,Yes,No,3742
Other (specify):,No,No,3379
Altercation (personal),No,No,3379
Group/clique/gang/crew/etc.,Yes,Yes,3379
Altercation (personal),Yes,No,2736
Group/clique/gang/crew/etc.,Yes,Yes,2736
Group/clique/gang/crew/etc.,No,No,3379
Group/clique/gang/crew/etc.,No,No,3379
Altercation (personal),Yes,No,2225
Group/clique/gang/crew/etc.,Yes,No,3379
Group/clique/gang/crew/etc.,Yes,Yes,2225
Group/clique/gang/crew/etc.,No,No,3379
Altercation (personal),No,No,3379
Robbery/Jumped/Mugged,No,No,3379
Group/clique/gang/crew/etc.,No,Yes,3379
Group/clique/gang/crew/etc.,Yes,Yes,2225
Altercation (personal),Yes,No,3379
Group/clique/gang/crew/etc.,Yes,Yes,3379
Group/clique/gang/crew/etc.,Yes,Yes,3379
Group/clique/gang/crew/etc.,Yes,Yes,3379
Altercation (personal),No,No,3379
Altercation (personal),No,No,3379
Group/clique/gang/crew/etc.,Yes,No,3742
Group/clique/gang/crew/etc.,No,No,3379
Altercation (personal),Yes,No,2736
Altercation (personal),No,No,3379
Group/clique/gang/crew/etc.,Yes,Yes,3379
Group/clique/gang/crew/etc.,Yes,No,3379
Group/clique/gang/crew/etc.,Yes,Yes,3379
Altercation (personal),No,No,3379
Unknown,No,No,3379
Unknown,Yes,Yes,3379
Group/clique/gang/crew/etc.,Yes,No,3742
Group/clique/gang/crew/etc.,Yes,Yes,3379
Group/clique/gang/crew/etc.,Yes,Yes,3379
Group/clique/gang/crew/etc.,Yes,No,3379
Group/clique/gang/crew/etc.,No,Yes,3379
Group/clique/gang/crew/etc.,No,No,3379
Altercation (personal),No,No,3742
Group/clique/gang/crew/etc.,No,No,3379
Altercation (personal),Yes,No,3379
Group/clique/gang/crew/etc.,No,No,3379
Group/clique/gang/crew/etc.,Yes,Yes,3379
Altercation (personal),No,No,3379
Group/clique/gang/crew/etc.,Yes,No,3379
Group/clique/gang/crew/etc.,Yes,Yes,3379
Group/clique/gang/crew/etc.,Yes,No,3379
Group/clique/gang/crew/etc.,,Yes,3379
Group/clique/gang/crew/etc.,Yes,No,3379
Altercation (personal),No,No,964
Altercation (personal),Yes,No,2247
Burglary,Yes,No,2247
Altercation (personal),No,No,2247
Other (specify):,Yes,Yes,2247
Group/clique/gang/crew/etc.,Yes,Yes,2247
Group/clique/gang/crew/etc.,Yes,Yes,2247
Altercation (personal),Yes,No,2247
Domestic Violence,Yes,No,2247
Group/clique/gang/crew/etc.,Yes,Yes,2247
Altercation (personal),Yes,No,2247
Altercation (personal),Yes,Yes,2247
Group/clique/gang/crew/etc.,Yes,No,2247
Narcotics,No,No,395
Burglary,No,No,1422
Altercation (personal),Yes,No,395
Domestic Violence,No,No,395
Domestic Violence,No,No,2792
Group/clique/gang/crew/etc.,Yes,Yes,2792
Domestic Violence,No,No,2792
Group/clique/gang/crew/etc.,Yes,No,2792
Other (specify):,No,No,2792
Altercation (personal),Yes,No,2792
Group/clique/gang/crew/etc.,No,No,395
Altercation (personal),Yes,No,2680
Altercation (personal),Yes,No,2680
Altercation (personal),Yes,No,2680
Narcotics,Yes,No,2680
Robbery/Jumped/Mugged,Yes,No,395
Altercation (personal),Yes,No,2680
Altercation (personal),No,No,395
Altercation (personal),No,No,395
Altercation (personal),Yes,No,2680
Altercation (personal),No,No,2792
Altercation (personal),No,No,2680
Robbery/Jumped/Mugged,Yes,No,395
Altercation (personal),No,No,395
Robbery/Jumped/Mugged,No,No,2792
Altercation (personal),Yes,No,2680
Altercation (personal),No,No,395
Altercation (personal),Yes,No,2680
Group/clique/gang/crew/etc.,Yes,No,2792
Altercation (personal),Yes,Yes,1301
Narcotics,Yes,No,2792
Altercation (personal),Yes,No,2792
Altercation (personal),Yes,No,395
Altercation (personal),Yes,No,2680
Altercation (personal),No,No,2190
Altercation (personal),Yes,No,2680
Altercation (personal),Yes,No,395
Group/clique/gang/crew/etc.,No,No,979
Altercation (personal),Yes,No,2680
Altercation (personal),Yes,No,2680
Domestic Violence,Yes,No,395
Altercation (personal),Yes,No,2792
Domestic Violence,Yes,No,395
Altercation (personal),No,No,2680
Altercation (personal),No,No,2680
Altercation (personal),Yes,No,2680
Altercation (personal),Yes,No,2680
Domestic Violence,No,No,2792
Group/clique/gang/crew/etc.,Yes,Yes,2792
Domestic Violence,Yes,No,2792
Altercation (personal),No,Yes,979
Altercation (personal),No,Yes,979
Domestic Violence,Yes,No,395
Domestic Violence,No,No,395
Altercation (personal),Yes,No,2680
Narcotics,No,No,395
Domestic Violence,No,No,2792
Narcotics,Yes,Yes,2792
Other (specify):,Yes,No,2792
Domestic Violence,Yes,No,395
Domestic Violence,Yes,No,395
Altercation (personal),No,No,395
Altercation (personal),Yes,Yes,2680
Altercation (personal),Yes,No,2680
Altercation (personal),Yes,No,2680
Altercation (personal),Yes,No,2680
Altercation (personal),Yes,No,2680
Altercation (personal),Yes,No,2680
Altercation (personal),Yes,Yes,2680
Altercation (personal),Yes,No,2680
Altercation (personal),Yes,No,2680
Domestic Violence,No,No,395
Altercation (personal),Yes,No,395
Domestic Violence,No,No,395
Altercation (personal),Yes,No,2680
Altercation (personal),Yes,No,2680
Domestic Violence,Yes,No,2792
Altercation (personal),Yes,No,2680
Altercation (personal),Yes,No,2792
Other (specify):,Yes,No,2792
Domestic Violence,No,No,395
Altercation (personal),Yes,No,2680
Altercation (personal),Yes,Yes,2680
Domestic Violence,Yes,No,2792
Altercation (personal),Yes,No,979
Altercation (personal),Yes,Yes,979
Altercation (personal),No,No,979
Robbery/Jumped/Mugged,No,No,979
Altercation (personal),No,No,979
Robbery/Jumped/Mugged,Yes,Yes,979
Altercation (personal),Yes,Yes,979
Altercation (personal),No,No,979
Other (specify):,No,No,979
Robbery/Jumped/Mugged,No,No,979
Robbery/Jumped/Mugged,Yes,Yes,979
Narcotics,No,No,395
Altercation (personal),,Yes,2792
Altercation (personal),Yes,No,2680
Altercation (personal),Yes,No,2680
Altercation (personal),No,No,395
Domestic Violence,No,No,2792
Altercation (personal),Yes,No,2680
Altercation (personal),Yes,No,2680
Domestic Violence,No,No,395
Domestic Violence,No,No,395
Altercation (personal),Yes,No,2680
Altercation (personal),Yes,No,2680
Altercation (personal),Yes,No,2680
Altercation (personal),Yes,No,2680
Altercation (personal),Yes,No,2680
Altercation (personal),Yes,No,2680
Domestic Violence,No,No,395
Domestic Violence,Yes,Yes,395
Altercation (personal),Yes,No,2680
Group/clique/gang/crew/etc.,Yes,No,2792
Altercation (personal),No,No,395
Altercation (personal),Yes,Yes,979
Domestic Violence,No,No,395
Other (specify):,No,No,2606
Altercation (personal),No,No,1961
Altercation (personal),Yes,No,2606
Group/clique/gang/crew/etc.,Yes,No,1961
Altercation (personal),No,No,2606
Group/clique/gang/crew/etc.,No,No,1961
Altercation (personal),No,No,2606
Altercation (personal),No,No,2606
Altercation (personal),No,No,2606
Altercation (personal),No,No,1961
Altercation (personal),No,No,1961
Altercation (personal),No,No,2606
Altercation (personal),No,No,2606
Altercation (personal),No,No,2606
Altercation (personal),No,No,2606
Altercation (personal),No,No,2606
Robbery/Jumped/Mugged,No,No,2606
Altercation (personal),No,No,1961
Altercation (personal),No,No,1961
Altercation (personal),No,No,1961
Robbery/Jumped/Mugged,Yes,No,2606
Domestic Violence,No,No,1961
Altercation (personal),No,No,1961
Altercation (personal),No,No,1961
Altercation (personal),No,No,1961
Altercation (personal),No,No,1961
Altercation (personal),Yes,No,1961
Altercation (personal),No,No,1961
Group/clique/gang/crew/etc.,Yes,No,2915
Group/clique/gang/crew/etc.,Yes,Yes,2917
Group/clique/gang/crew/etc.,Yes,Yes,1422
Group/clique/gang/crew/etc.,Yes,Yes,1422
Group/clique/gang/crew/etc.,No,No,2917
Group/clique/gang/crew/etc.,Yes,Yes,2917
Altercation (personal),No,No,2917
Altercation (personal),Yes,No,2915
Group/clique/gang/crew/etc.,Yes,No,1422
Other (specify):,No,No,2768
Group/clique/gang/crew/etc.,Yes,No,2768
Group/clique/gang/crew/etc.,Yes,Yes,2768
Altercation (personal),Yes,No,2915
Group/clique/gang/crew/etc.,Yes,Yes,2920
Group/clique/gang/crew/etc.,Yes,Yes,1422
Altercation (personal),Yes,No,2915
Narcotics,No,No,964
Group/clique/gang/crew/etc.,No,No,2917
Group/clique/gang/crew/etc.,No,No,2917
Burglary,No,No,2768
Group/clique/gang/crew/etc.,Yes,No,1422
Group/clique/gang/crew/etc.,Yes,No,964
Altercation (personal),Yes,No,2768
Group/clique/gang/crew/etc.,No,No,2917
Robbery/Jumped/Mugged,Yes,No,964
Group/clique/gang/crew/etc.,Yes,Yes,2768
Other (specify):,Yes,No,2915
Altercation (personal),No,No,964
Group/clique/gang/crew/etc.,Yes,Yes,1422
Burglary,No,No,1422
Altercation (personal),Yes,No,1422
Group/clique/gang/crew/etc.,Yes,No,2915
Domestic Violence,Yes,No,964
Group/clique/gang/crew/etc.,Yes,Yes,2768
Group/clique/gang/crew/etc.,No,No,2917
Group/clique/gang/crew/etc.,No,No,2917
Group/clique/gang/crew/etc.,No,No,2917
Group/clique/gang/crew/etc.,Yes,Yes,1422
Group/clique/gang/crew/etc.,Yes,Yes,1422
Group/clique/gang/crew/etc.,Yes,No,1422
Altercation (personal),No,No,2768
Altercation (personal),Yes,Yes,1422
Group/clique/gang/crew/etc.,Yes,Yes,2920
Altercation (personal),No,No,2915
Group/clique/gang/crew/etc.,No,No,2917
Altercation (personal),No,No,964
Group/clique/gang/crew/etc.,Yes,Yes,2915
Group/clique/gang/crew/etc.,No,No,1422
Altercation (personal),Yes,No,964
Altercation (personal),No,No,2768
Group/clique/gang/crew/etc.,Yes,No,1422
Group/clique/gang/crew/etc.,No,No,964
Altercation (personal),No,No,964
Group/clique/gang/crew/etc.,Yes,No,1422
Group/clique/gang/crew/etc.,No,No,1422
Group/clique/gang/crew/etc.,Yes,Yes,2768
Group/clique/gang/crew/etc.,No,No,2917
Altercation (personal),No,No,2768
Narcotics,No,No,2768
Group/clique/gang/crew/etc.,Yes,No,1422
Altercation (personal),Yes,Yes,1422
Group/clique/gang/crew/etc.,No,Yes,2917
Group/clique/gang/crew/etc.,Yes,Yes,2917
Group/clique/gang/crew/etc.,Yes,Yes,2917
Group/clique/gang/crew/etc.,Yes,Yes,2917
Group/clique/gang/crew/etc.,Yes,Yes,2917
Group/clique/gang/crew/etc.,Yes,Yes,1422
Group/clique/gang/crew/etc.,Yes,Yes,2768
Group/clique/gang/crew/etc.,Yes,No,964
Group/clique/gang/crew/etc.,Yes,Yes,1422
Group/clique/gang/crew/etc.,No,No,2768
Group/clique/gang/crew/etc.,Yes,Yes,2768
Altercation (personal),Yes,No,2768
Altercation (personal),No,No,2916
Altercation (personal),Yes,No,2916
Altercation (personal),No,No,2944
Group/clique/gang/crew/etc.,Yes,No,3064
Altercation (personal),No,No,2938
Group/clique/gang/crew/etc.,Yes,No,2938
Group/clique/gang/crew/etc.,Yes,No,2938
Altercation (personal),Yes,No,3745
Altercation (personal),No,No,3746
Group/clique/gang/crew/etc.,Yes,Yes,2938
Altercation (personal),No,No,3745
Narcotics,No,No,3745
Group/clique/gang/crew/etc.,No,No,3746
Group/clique/gang/crew/etc.,Yes,No,3064
Group/clique/gang/crew/etc.,Yes,No,3064
Unknown,Yes,Yes,2938
Group/clique/gang/crew/etc.,Yes,No,3064
Other (specify):,Yes,No,3745
Narcotics,Yes,No,2938
Altercation (personal),Yes,No,3745
Altercation (personal),Yes,No,3745
Group/clique/gang/crew/etc.,Yes,No,3633
Altercation (personal),No,No,3633
Group/clique/gang/crew/etc.,Yes,No,3633
Group/clique/gang/crew/etc.,Yes,No,1436
Altercation (personal),No,No,1436
Group/clique/gang/crew/etc.,No,No,2009
Domestic Violence,No,No,2009
Domestic Violence,No,No,2256
Robbery/Jumped/Mugged,Yes,No,1436
Altercation (personal),No,No,2009
Altercation (personal),Yes,No,2356
Altercation (personal),Yes,No,2933
Altercation (personal),Yes,No,2933
Group/clique/gang/crew/etc.,Yes,Yes,3670
Group/clique/gang/crew/etc.,Yes,Yes,3670
Altercation (personal),Yes,No,3670
Altercation (personal),No,No,3672
Group/clique/gang/crew/etc.,Yes,No,2933
Group/clique/gang/crew/etc.,Yes,Yes,3670
Altercation (personal),No,No,3672
Altercation (personal),No,No,3692
Group/clique/gang/crew/etc.,No,Yes,2674
Altercation (personal),Yes,No,3696
Group/clique/gang/crew/etc.,Yes,Yes,1974
Group/clique/gang/crew/etc.,Yes,No,1410
Altercation (personal),Yes,No,3696
Other (specify):,No,No,2674
Altercation (personal),Yes,Yes,2919
Altercation (personal),Yes,Yes,2919
Group/clique/gang/crew/etc.,Yes,Yes,2919
Group/clique/gang/crew/etc.,Yes,Yes,2917
Altercation (personal),Yes,No,3643
Unknown,No,No,3643
Group/clique/gang/crew/etc.,No,Yes,2919
Group/clique/gang/crew/etc.,Yes,Yes,3644
Group/clique/gang/crew/etc.,No,Yes,2917
Altercation (personal),Yes,No,2917
Group/clique/gang/crew/etc.,Yes,No,3644
Altercation (personal),Yes,No,3644
Altercation (personal),No,No,2371
Other (specify):,Yes,Yes,2371
Narcotics,No,No,3639
Burglary,Yes,Yes,3642
Altercation (personal),No,No,2735
Group/clique/gang/crew/etc.,No,No,2735
Burglary,Yes,Yes,2735
Altercation (personal),Yes,No,3637
Group/clique/gang/crew/etc.,No,No,2735
Group/clique/gang/crew/etc.,Yes,No,3637
Altercation (personal),No,No,2371
Domestic Violence,No,No,2235
Altercation (personal),No,No,2371
Group/clique/gang/crew/etc.,No,No,2735
Altercation (personal),No,No,2371
Altercation (personal),No,No,2371
Altercation (personal),No,No,2735
Group/clique/gang/crew/etc.,Yes,No,3637
Robbery/Jumped/Mugged,No,No,3651
Narcotics,Yes,No,3651
Altercation (personal),Yes,No,3651
Altercation (personal),Yes,No,3658
Domestic Violence,Yes,No,3658
Altercation (personal),No,No,3747
Altercation (personal),No,No,3657
Other (specify):,Yes,No,3658
Group/clique/gang/crew/etc.,Yes,No,3662
Group/clique/gang/crew/etc.,Yes,No,3667
Group/clique/gang/crew/etc.,Yes,Yes,1427
Unknown,Yes,Yes,1426
Altercation (personal),No,No,1426
Altercation (personal),No,No,1427
Group/clique/gang/crew/etc.,Yes,No,2247
Group/clique/gang/crew/etc.,Yes,No,2247
Group/clique/gang/crew/etc.,No,No,3679
Domestic Violence,Yes,No,2247
Group/clique/gang/crew/etc.,Yes,No,2247
Other (specify):,No,No,1426
Altercation (personal),No,No,3667
Domestic Violence,Yes,No,2247
Altercation (personal),Yes,No,2247
Altercation (personal),No,No,3751
Altercation (personal),No,No,3687
Burglary,Yes,No,3689
Robbery/Jumped/Mugged,No,No,3680
Altercation (personal),Yes,No,3683
Altercation (personal),Yes,No,971
Robbery/Jumped/Mugged,Yes,No,971
Altercation (personal),Yes,No,3702
Robbery/Jumped/Mugged,No,No,3749
Domestic Violence,No,No,3749
Altercation (personal),No,No,3749
Robbery/Jumped/Mugged,No,No,3749
Altercation (personal),No,No,3702
Unknown,Yes,Yes,2587
Altercation (personal),Yes,Yes,3699
Altercation (personal),Yes,No,3702
Altercation (personal),No,No,3743
Group/clique/gang/crew/etc.,Yes,No,3724
Group/clique/gang/crew/etc.,Yes,No,3744
Group/clique/gang/crew/etc.,Yes,No,3632
Unknown,Yes,Yes,3632
Altercation (personal),Yes,Yes,3633
Group/clique/gang/crew/etc.,Yes,No,3633
Group/clique/gang/crew/etc.,Yes,No,3993
Domestic Violence,Yes,Yes,3975
Domestic Violence,Yes,Yes,3905
Altercation (personal),Yes,No,3916
Altercation (personal),Yes,Yes,4000